Employee_ID,Type
193852,
193857,
194063,
194065,
194069,
194092,
194096,
194139,
194141,
194190,
194199,
194208,
194226,
194229,
194230,
194314,
194331,
194332,
194333,
194336,
194338,
194342,
194343,
194345,
194346,
194348,
194349,
194352,
194353,
194355,
194374,
194378,
194382,
194383,
194384,
194421,
194423,
194426,
194432,
194451,
194484,
194487,
194491,
194625,
194627,
194672,
194696,
194697,
194710,
194712,
194713,
194740,
194745,
195378,
195380,
195388,
195389,
195410,
195460,
195463,
195486,
195520,
195521,
195524,
195526,
195527,
195564,
196222,
196239,
196299,
196309,
196310,
196319,
196407,
196409,
196437,
196438,
196516,
196553,
196564,
196572,
196574,
196576,
196587,
196599,
196662,
196665,
196666,
196667,
196669,
196675,
196712,
196844,
196991,
196999,
197065,
197068,
197147,
197149,
197278,
197279,
197599,
197663,
197667,
197778,
197843,
197855,
197951,
197953,
198028,
198038,
198045,
198941,
199015,
199108,
199126,
199250,
199251,
199354,
199356,
199361,
199362,
199428,
199430,
199434,
199436,
199523,
199527,
199982,
200113,
200316,
200339,
200438,
200460,
200678,
200776,
200779,
200822,
200963,
200965,
200972,
201270,
201359,
201516,
201553,
201628,
201629,
201632,
201724,
201758,
201818,
201834,
201901,
201903,
201916,
202348,
202364,
202380,
202395,
202471,
202905,
202911,
202913,
202930,
203211,
203237,
203240,
203448,
203452,
203455,
203462,
203465,
203625,
203626,
203672,
203713,
203716,
203729,
203731,
203733,
203777,
203793,
203860,
203960,
204019,
204042,
204045,
204048,
204126,
204156,
204218,
204265,
204316,
204318,
204380,
204555,
204565,
204572,
204621,
204639,
204682,
204777,
204966,
205261,
205557,
205561,
205566,
205648,
205649,
205969,
205975,
206004,
206014,
206209,
206252,
206298,
206301,
206390,
206687,
206691,
206740,
206836,
206980,
206986,
206996,
207059,
207107,
207128,
207283,
207294,
207296,
207313,
207343,
207392,
207398,
207440,
207561,
207575,
207622,
207721,
207730,
207790,
208030,
208031,
208071,
208271,
208367,
208384,
208839,
209059,
209147,
210958,
211065,
212051,
212089,
212093,
212095,
212097,
212113,
212306,
212309,
212312,
212414,
212574,
212793,
212807,
212887,
212910,
212926,
212984,
212994,
213001,
213009,
213012,
213035,
213038,
213050,
213083,
213225,
213407,
213411,
213578,
213589,
213594,
213596,
213693,
213700,
213733,
213737,
213783,
213899,
213908,
213910,
213911,
213929,
213983,
214244,
214264,
214317,
214524,
214529,
214685,
214720,
214723,
214873,
215017,
500557,
500706,
501186,
501344,
501595,
501609,
501814,
502125,
502357,
502374,
502386,
502403,
502438,
502448,
502452,
502545,
502553,
502556,
502580,
502613,
502672,
502686,
502794,
502796,
502808,
502813,
502826,
502850,
502863,
502865,
502933,
502953,
502963,
604250,
604451,
604795,
604935,
605107,
605197,
605224,
605392,
605597,
605619,
605646,
605648,
605675,
605743,
605772,
605802,
605810,
605866,
605940,
606060,
606068,
606134,
606148,
606153,
606174,
606194,
606217,
606260,
606273,
606294,
606314,
606323,
606350,
606375,
606381,
606410,
606421,
606466,
606473,
606498,
606500,
606617,
606621,
606624,
606669,
606694,
606707,
606790,
606827,
606860,
606863,
606872,
606892,
606941,
606961,
607024,
607027,
607030,
607039,
607041,
607043,
607058,
607061,
607077,
607083,
607139,
607173,
607184,
800007,
800012,
800038,
800063,
800093,
800106,
800116,
800125,
800134,
800148,
800162,
800167,
800168,
800183,
800198,
800247,
800254,
800257,
800264,
800276,
800292,
800309,
800321,
800341,
800359,
800371,
800374,
800385,
800399,
800400,
800422,
800445,
800454,
800460,
800463,
800467,
800494,
800497,
800519,
800530,
800533,
800538,
800545,
800557,
800584,
800587,
800592,
800600,
800601,
800615,
800629,
800631,
800641,
800725,
800727,
800728,
800742,
800743,
800755,
800775,
800781,
800785,
800797,
800800,
800801,
800824,
800834,
800842,
800843,
800866,
800888,
800905,
800908,
800928,
800938,
800945,
800956,
800962,
800963,
800966,
800976,
800977,
800985,
800998,
801010,
801011,
801018,
801019,
801023,
801024,
801054,
801055,
801057,
801060,
801072,
801081,
801087,
801090,
801094,
801099,
801105,
801115,
801120,
801132,
801135,
801136,
801143,
801147,
801160,
801183,
801187,
801192,
801199,
801210,
801216,
801234,
801235,
801238,
801242,
801255,
801268,
801297,
801300,
801313,
801314,
801318,
801325,
801331,
801332,
801336,
801352,
801353,
801366,
801374,
801380,
801387,
801388,
801389,
801393,
801394,
801400,
801408,
801410,
801420,
801422,
801427,
801437,
801439,
801441,
801446,
801450,
801467,
801474,
801475,
801483,
801487,
801488,
801491,
801492,
801493,
801499,
801512,
801513,
801515,
801517,
801518,
801541,
801543,
801551,
801555,
801561,
801562,
801564,
801572,
801585,
801587,
801591,
801593,
801595,
801600,
801609,
801612,
801613,
801614,
801616,
801619,
801622,
801627,
801635,
801637,
801638,
801654,
801672,
801690,
801692,
801696,
801700,
801703,
801707,
801727,
801740,
801749,
801751,
801776,
801780,
801782,
801828,
801842,
801850,
801852,
801853,
801868,
801870,
801875,
801885,
801895,
801898,
801900,
801904,
801914,
801965,
801976,
801977,
801980,
801989,
801998,
802012,
802047,
802060,
802063,
802065,
802067,
802087,
802092,
802100,
802131,
802182,
802217,
802218,
802231,
802270,
802273,
802276,
802278,
802309,
802316,
802328,
802330,
802355,
802356,
802360,
802376,
802385,
802403,
802406,
802423,
802426,
802431,
802467,
802468,
802470,
802475,
802488,
802501,
802509,
802511,
802514,
802530,
802532,
802543,
802551,
802552,
802554,
802564,
802565,
802566,
802573,
802584,
802590,
802591,
802602,
802604,
802606,
802615,
802618,
802629,
802657,
802664,
802665,
802668,
802670,
802680,
802683,
802689,
802713,
802715,
802720,
802727,
802735,
802743,
802746,
802747,
802750,
802755,
802761,
802762,
802763,
802767,
802773,
802774,
802778,
802784,
802791,
802795,
802806,
802809,
802830,
802853,
802855,
802860,
802878,
802879,
802892,
802893,
802896,
802898,
802904,
802937,
802942,
802943,
802946,
802948,
802949,
802961,
802993,
803003,
803023,
803029,
803030,
803034,
803046,
803047,
803048,
803049,
803056,
803067,
803069,
803076,
803083,
803090,
803094,
803097,
803101,
803109,
803119,
803127,
803129,
803130,
803131,
803132,
803139,
803146,
803149,
803157,
803161,
803163,
803176,
803187,
803188,
803192,
803205,
803210,
803215,
803223,
803227,
803231,
803245,
803251,
803257,
803259,
803261,
803265,
803271,
803282,
803283,
803288,
803292,
803300,
803313,
803315,
803377,
803379,
803436,
803444,
803453,
803501,
803520,
803533,
803573,
803579,
803605,
803616,
803647,
803662,
803672,
803687,
803688,
803690,
803703,
803727,
803730,
803731,
803744,
803745,
803747,
803749,
803750,
803753,
803755,
803759,
803764,
803766,
803769,
803776,
803779,
803785,
803791,
803793,
803795,
803814,
803820,
803838,
803851,
803863,
803866,
803867,
803876,
803885,
803897,
803902,
803905,
803913,
803915,
803925,
803932,
803936,
803952,
803953,
803968,
803978,
803982,
803983,
803986,
803989,
803995,
804001,
804017,
804020,
804023,
804026,
804028,
804031,
804038,
804041,
804053,
804067,
804068,
804082,
804083,
804085,
804088,
804090,
804092,
804093,
804095,
804103,
804104,
804110,
804114,
804115,
804116,
804117,
804122,
804127,
804128,
804130,
804131,
804132,
804164,
804165,
804173,
804180,
804185,
804195,
804205,
804212,
804230,
804231,
804241,
804247,
804256,
804272,
804283,
804285,
804306,
804307,
804324,
804328,
804334,
804337,
804339,
804343,
804357,
804359,
804373,
804379,
804380,
804388,
804392,
804401,
804403,
804410,
804419,
804421,
804426,
804436,
804447,
804458,
804463,
804467,
804469,
804502,
804517,
804518,
804528,
804533,
804534,
804552,
804570,
804572,
804574,
804577,
804579,
804581,
804583,
804590,
804592,
804597,
804603,
804618,
804626,
804628,
804632,
804633,
804638,
804640,
804649,
804653,
804656,
804678,
804680,
804688,
804696,
804698,
804714,
804716,
804722,
804731,
804733,
804738,
804742,
804743,
804745,
804760,
804761,
804762,
804764,
804769,
804778,
804788,
804795,
804805,
804815,
804820,
804821,
804832,
804833,
804837,
804839,
804840,
804841,
804843,
804849,
804850,
804860,
804866,
804868,
804875,
804876,
804880,
804888,
804891,
804906,
804909,
804910,
804915,
804917,
804919,
804921,
804925,
804933,
804935,
804937,
804940,
804971,
804974,
804984,
804991,
805020,
805025,
805043,
805056,
805059,
805060,
805064,
805067,
805071,
805074,
805076,
805080,
805081,
805083,
805094,
805095,
805103,
805104,
805109,
805123,
805124,
805127,
805135,
805137,
805147,
805155,
805167,
805172,
805175,
805179,
805182,
805188,
805190,
805195,
805217,
805221,
805229,
805242,
805252,
805262,
805268,
805269,
805270,
805271,
805272,
805277,
805279,
805291,
805294,
805296,
805297,
805299,
805301,
805304,
805318,
805319,
805336,
805344,
805345,
805346,
805355,
805360,
805368,
805379,
805384,
805389,
805390,
805394,
805397,
805398,
805408,
805413,
805422,
805432,
805435,
805437,
805442,
805455,
805458,
805460,
805462,
805464,
805465,
805471,
805480,
805487,
805491,
805501,
805503,
805505,
805510,
805514,
805516,
805518,
805522,
805527,
805528,
805539,
805542,
805547,
805557,
805559,
805562,
805564,
805567,
805570,
805581,
805582,
805586,
805595,
805602,
805604,
805607,
805609,
805624,
805628,
805653,
805664,
805679,
196637,
202212,
202360,
202388,
203677,
204766,
206645,
207214,
207215,
207986,
208832,
214251,
23029,
500053,
500626,
500640,
500777,
500846,
500853,
500886,
500921,
501271,
501387,
501640,
501732,
502022,
502064,
502220,
502305,
502353,
502400,
502497,
502508,
502535,
502566,
502632,
502634,
502655,
502667,
502727,
502772,
502825,
502877,
502879,
502920,
502922,
502929,
502945,
603403,
603896,
604249,
604318,
604440,
604498,
604608,
604649,
604666,
604802,
604877,
605101,
605140,
605165,
605282,
605314,
605359,
605375,
605408,
605569,
605605,
605661,
605691,
605692,
605828,
605884,
605937,
605948,
606572,
606606,
606609,
606631,
606661,
606708,
606715,
606764,
606766,
606772,
606776,
606784,
606786,
606808,
606953,
606978,
606999,
607016,
607037,
607120,
607228,
800020,
800030,
800039,
800049,
800074,
800113,
800138,
800192,
800200,
800259,
800304,
800386,
800394,
800404,
800427,
800496,
800606,
800716,
800855,
800949,
800961,
801110,
801315,
801470,
801501,
801610,
801662,
801684,
801699,
801862,
802338,
802482,
802503,
802517,
802528,
802544,
802781,
802873,
802965,
803015,
803374,
803380,
803794,
803940,
804037,
804177,
804227,
804228,
804234,
804242,
804493,
804624,
804802,
804961,
805416,
805552,
193859,
193926,
194074,
194084,
194138,
194201,
194306,
194310,
194311,
194320,
194329,
194341,
194363,
194369,
194431,
194486,
194488,
194669,
194743,
194793,
194836,
195379,
195386,
195413,
195414,
195464,
195480,
195513,
196300,
196301,
196366,
196375,
196376,
196439,
196515,
196518,
196591,
196601,
196645,
196649,
196668,
196937,
196992,
197067,
197108,
197146,
197150,
197272,
197281,
197282,
197287,
197289,
197290,
197295,
197296,
197298,
197301,
197598,
197601,
197602,
197666,
197668,
197849,
197853,
197856,
197950,
198865,
198869,
198902,
198944,
199046,
199048,
199071,
199074,
199110,
199132,
199204,
199229,
199230,
199233,
199314,
199357,
199358,
199421,
199440,
199509,
199516,
199522,
199591,
199933,
199942,
199950,
199974,
199977,
199983,
199984,
200034,
200124,
200310,
200323,
200329,
200437,
200446,
200448,
200521,
200530,
200593,
200670,
200777,
200783,
200816,
200830,
200832,
200838,
200842,
200892,
201029,
201030,
201033,
201039,
201042,
201206,
201211,
201214,
201216,
201337,
201352,
201552,
201717,
201718,
201747,
201749,
201750,
201751,
201752,
201754,
201755,
201756,
201757,
201779,
201780,
201781,
201826,
201831,
201902,
201915,
202276,
202287,
202301,
202365,
202371,
202374,
202385,
202386,
202389,
202396,
202397,
202451,
202584,
202606,
202765,
202783,
202895,
202899,
202900,
202901,
202904,
202906,
202908,
202910,
202914,
202929,
202933,
202934,
202941,
202950,
202952,
203140,
203194,
203200,
203207,
203210,
203233,
203247,
203248,
203249,
203400,
203438,
203440,
203451,
203464,
203574,
203578,
203635,
203637,
203673,
203735,
203736,
203767,
203768,
203769,
203770,
203771,
203805,
203964,
204023,
204032,
204044,
204049,
204054,
204056,
204108,
204111,
204130,
204134,
204160,
204229,
204321,
204322,
204328,
204375,
204493,
204558,
204564,
204626,
204630,
204652,
204679,
204785,
204787,
204854,
205257,
205260,
205267,
205269,
205482,
205483,
205484,
205488,
205496,
205507,
205553,
205560,
205572,
205581,
205583,
205623,
205629,
205654,
205662,
205664,
205963,
205970,
205971,
205973,
205978,
205979,
205981,
205985,
205996,
206010,
206062,
206065,
206126,
206191,
206192,
206208,
206253,
206278,
206283,
206287,
206288,
206291,
206295,
206297,
206302,
206306,
206307,
206349,
206352,
206354,
206404,
206555,
206634,
206673,
206679,
206681,
206690,
206692,
206734,
206886,
206887,
206919,
206928,
206979,
206982,
206983,
207060,
207063,
207172,
207222,
207223,
207229,
207277,
207278,
207284,
207289,
207298,
207300,
207326,
207342,
207384,
207444,
207450,
207509,
207511,
207708,
207719,
207725,
207727,
207728,
207825,
207826,
207832,
207992,
208026,
208027,
208029,
208054,
208058,
208060,
208129,
208138,
208283,
208314,
208365,
208369,
208381,
208382,
208387,
208394,
208479,
208483,
208489,
208518,
208519,
208529,
208535,
208564,
208578,
208580,
208750,
208814,
208817,
208818,
208840,
208842,
208843,
208946,
209137,
209138,
209143,
209208,
209366,
209439,
209464,
209638,
210957,
211066,
211103,
211318,
211365,
211367,
211368,
211369,
211375,
211381,
211404,
211407,
211409,
211792,
211971,
211976,
212042,
212052,
212053,
212088,
212092,
212094,
212300,
212320,
212409,
212415,
212418,
212530,
212531,
212534,
212545,
212569,
212627,
212631,
212633,
213018,
213021,
213085,
213228,
213400,
213404,
213641,
213642,
213646,
213743,
213906,
213971,
214187,
214236,
214248,
214263,
214287,
214480,
214514,
214520,
214523,
214525,
214530,
214590,
214593,
214849,
214871,
214933,
214969,
214974,
214976,
215603,
215617,
215685,
215696,
215700,
215718,
215720,
501183,
501284,
606002,
606591,
606986,
607145,
800414,
800603,
800662,
800777,
801117,
801334,
801354,
801398,
801484,
801599,
801849,
802326,
802352,
802401,
802434,
802507,
802523,
802529,
802533,
802549,
802550,
802620,
802653,
802667,
802706,
802718,
802782,
802794,
802797,
802808,
802829,
802838,
802856,
802872,
802876,
802929,
803026,
803055,
803063,
803073,
803088,
803124,
803134,
803151,
803189,
803190,
803219,
803228,
803235,
803336,
803604,
803666,
803681,
803707,
803718,
803762,
803780,
803808,
803825,
803845,
803846,
803874,
803889,
803930,
803931,
803938,
803981,
804010,
804100,
804140,
804179,
804183,
804207,
804253,
804270,
804294,
804309,
804313,
804354,
804355,
804361,
804366,
804377,
804386,
804411,
804438,
804440,
804442,
804445,
804462,
804475,
804486,
804487,
804489,
804500,
804505,
804506,
804513,
804514,
804516,
804522,
804525,
804536,
804558,
804586,
804588,
804595,
804615,
804623,
804630,
804635,
804637,
804639,
804643,
804644,
804647,
804648,
804659,
804665,
804690,
804691,
804692,
804701,
804705,
804707,
804710,
804728,
804763,
804766,
804771,
804772,
804773,
804780,
804782,
804783,
804786,
804787,
804800,
804822,
804824,
804830,
804834,
804835,
804836,
804838,
804845,
804858,
804861,
804863,
804864,
804865,
804877,
804907,
804916,
804922,
804927,
804931,
804934,
804977,
804983,
804985,
804986,
804987,
804990,
805005,
805007,
805011,
805016,
805021,
805029,
805031,
805035,
805038,
805039,
805044,
805045,
805050,
805057,
805062,
805072,
805075,
805077,
805079,
805084,
805086,
805088,
805092,
805096,
805102,
805106,
805107,
805110,
805112,
805116,
805125,
805129,
805133,
805134,
805150,
805159,
805160,
805163,
805166,
805185,
805193,
805194,
805206,
805207,
805209,
805211,
805212,
805213,
805216,
805218,
805220,
805227,
805228,
805232,
805234,
805239,
805241,
805248,
805249,
805253,
805258,
805260,
805264,
805265,
805275,
805284,
805285,
805302,
805303,
805306,
805310,
805312,
805322,
805323,
805324,
805329,
805332,
805341,
805356,
805367,
805370,
805371,
805372,
805375,
805382,
805385,
805387,
805399,
805406,
805410,
805415,
805418,
805427,
805428,
805431,
805434,
805444,
805446,
805447,
805453,
805466,
805472,
805476,
805478,
805481,
805483,
805488,
805494,
805502,
805507,
805512,
805515,
805517,
805526,
805532,
805537,
805538,
805543,
805546,
805551,
805556,
805566,
805573,
805574,
805585,
805588,
805589,
805593,
805598,
805599,
805603,
805606,
805612,
805614,
805615,
805621,
805629,
805631,
805635,
805650,
805668,
193923,
194200,
196646,
197064,
197226,
197229,
197841,
198025,
199350,
200704,
200778,
201096,
201627,
202491,
203208,
203623,
203636,
203859,
203962,
204043,
204120,
204314,
205498,
205582,
206351,
207286,
207320,
207324,
207859,
208034,
208059,
208318,
208562,
209149,
209207,
209463,
211241,
211403,
212276,
212413,
213420,
214032,
214757,
501750,
501823,
501936,
502548,
502626,
502640,
502756,
502769,
502786,
502831,
502897,
502938,
502940,
603182,
604384,
605781,
606129,
606656,
606713,
606741,
606780,
606967,
606976,
607026,
607036,
607176,
607249,
700050,
800025,
800139,
800158,
800163,
800218,
800244,
800285,
800311,
800314,
800332,
800342,
800344,
800365,
800384,
800401,
800409,
800428,
800434,
800450,
800457,
800471,
800477,
800480,
800482,
800554,
800569,
800570,
800579,
800582,
800583,
800602,
800608,
800628,
800630,
800638,
800666,
800677,
800706,
800732,
800750,
800756,
800769,
800778,
800779,
800780,
800788,
800795,
800839,
800857,
800858,
800865,
800902,
800914,
800920,
800931,
800935,
800959,
800969,
801017,
801020,
801049,
801092,
801103,
801108,
801119,
801139,
801184,
801202,
801206,
801251,
801292,
801298,
801309,
801312,
801322,
801324,
801355,
801372,
801416,
801436,
801438,
801458,
801500,
801509,
801520,
801522,
801523,
801526,
801544,
801558,
801569,
801570,
801580,
801581,
801584,
801603,
801641,
801649,
801652,
801656,
801657,
801658,
801671,
801716,
801717,
801728,
801738,
801753,
801762,
801789,
801818,
801830,
801860,
801881,
801886,
801896,
801926,
801928,
801941,
801964,
801972,
801982,
801986,
801997,
802014,
802015,
802030,
802036,
802043,
802068,
802069,
802074,
802076,
802089,
802098,
802108,
802178,
802214,
802219,
802223,
802238,
802248,
802250,
802279,
802282,
802286,
802287,
802295,
802332,
802371,
802373,
802377,
802379,
802381,
802394,
802395,
802396,
802397,
802402,
802409,
802420,
802421,
802429,
802433,
802451,
802466,
802474,
802481,
802483,
802484,
802495,
802499,
802500,
802521,
802524,
802525,
802531,
802541,
802556,
802563,
802575,
802576,
802577,
802607,
802624,
802626,
802628,
802630,
802633,
802645,
802646,
802655,
802662,
802669,
802672,
802675,
802681,
802685,
802686,
802690,
802698,
802699,
802703,
802711,
802712,
802714,
802738,
802739,
802749,
802764,
802765,
802772,
802776,
802786,
802788,
802789,
802798,
802817,
802818,
802822,
802824,
802827,
802831,
802841,
802842,
802865,
802899,
802900,
802903,
802914,
802915,
802916,
802927,
802931,
802938,
802944,
802950,
802951,
802962,
802966,
802969,
802970,
802994,
803006,
803007,
803012,
803021,
803025,
803038,
803039,
803058,
803074,
803091,
803102,
803128,
803152,
803153,
803160,
803180,
803181,
803264,
803285,
803291,
803314,
803316,
803459,
803626,
803712,
803717,
803720,
803725,
803733,
803756,
803763,
803767,
803772,
803809,
803819,
803821,
803822,
803827,
803829,
803847,
803848,
803849,
803856,
803883,
803884,
803886,
803893,
803896,
803916,
803939,
803943,
803967,
803970,
803971,
803999,
804043,
804151,
804152,
804172,
804175,
804176,
804178,
804182,
804188,
804210,
804217,
804220,
804232,
804233,
804236,
804243,
804244,
804254,
804255,
804258,
804260,
804261,
804263,
804265,
804278,
804282,
804310,
804320,
804322,
804325,
804326,
804327,
804329,
804333,
804352,
804370,
804375,
804412,
804422,
804459,
804473,
804491,
804509,
804561,
804576,
804578,
804585,
804598,
804606,
804629,
804664,
804676,
804711,
804746,
804779,
804870,
804886,
804944,
805013,
805033,
805058,
805101,
805136,
805143,
805148,
805174,
805187,
805230,
805235,
805259,
805273,
805309,
805380,
805504,
805509,
805548,
805572,
805608,
805627,
805633,
500165,
500248,
500290,
500834,
500971,
501010,
501201,
501382,
501559,
501669,
501671,
501748,
501771,
501801,
501899,
502517,
603155,
603251,
603545,
603676,
604365,
605416,
802897,
205270,
206211,
208957,
209502,
211364,
502090,
604113,
604182,
604255,
604594,
604634,
604866,
604949,
605153,
605527,
605650,
605747,
606029,
606063,
606074,
606087,
606212,
606213,
606289,
606348,
606353,
606365,
606478,
606520,
606540,
606597,
606623,
606639,
606662,
606673,
606674,
606720,
606813,
606815,
606817,
606888,
606893,
606931,
607023,
607044,
800024,
800099,
800149,
800208,
800226,
800227,
800241,
800328,
800336,
800391,
800415,
800489,
800650,
800668,
800853,
800862,
801001,
801128,
801505,
801528,
801732,
802035,
802216,
802289,
802492,
803659,
803900,
804216,
804223,
804280,
804443,
804474,
804752,
804955,
805089,
805298,
805493,
805587,
193858,
194059,
194149,
194305,
194307,
194315,
194325,
194334,
194433,
194493,
194501,
195382,
195481,
195482,
196224,
196227,
196230,
196294,
196550,
196578,
196579,
196589,
196628,
196648,
196650,
196670,
196768,
196769,
196845,
196985,
196987,
197073,
197080,
197081,
197228,
197230,
197276,
197300,
197840,
197842,
197860,
197949,
197954,
197962,
198867,
199077,
199107,
199347,
199351,
199360,
199363,
199514,
199518,
200037,
200046,
200109,
200178,
200189,
200283,
200317,
200520,
200527,
200622,
200681,
200782,
200815,
200823,
200841,
200967,
201272,
201347,
201498,
201582,
201670,
201721,
201748,
201801,
202280,
202297,
202346,
202350,
202354,
202362,
202367,
202383,
202446,
202447,
202448,
202585,
202590,
202907,
202909,
203064,
203116,
203234,
203239,
203241,
203399,
203442,
203460,
203538,
203633,
203717,
203732,
203957,
204021,
204036,
204047,
204051,
204057,
204123,
204169,
204317,
204320,
204377,
204541,
204563,
204566,
204653,
205262,
205264,
205268,
205272,
205485,
205487,
205497,
205499,
205504,
205550,
205551,
205555,
205556,
205559,
205569,
205571,
205577,
205962,
205982,
205988,
205993,
205994,
206003,
206251,
206262,
206266,
206272,
206273,
206284,
206294,
206350,
206355,
206406,
206559,
206665,
206672,
206675,
206678,
206685,
206835,
206922,
206945,
207008,
207280,
207282,
207285,
207287,
207288,
207291,
207319,
207322,
207323,
207327,
207498,
207499,
207501,
207508,
207562,
207608,
207615,
207833,
207908,
207987,
207989,
207996,
208025,
208028,
208033,
208055,
208061,
208063,
208072,
208270,
208278,
208282,
208311,
208322,
208386,
208388,
208476,
208482,
208491,
208516,
208813,
208836,
208945,
209135,
209139,
209140,
209141,
209142,
209150,
209154,
209155,
209156,
209206,
209209,
209356,
209358,
209447,
209452,
209507,
210153,
211067,
211069,
211192,
211317,
211406,
211408,
211789,
211791,
211797,
212040,
212044,
212090,
212304,
212406,
212408,
212416,
212544,
212654,
212658,
212877,
212975,
213016,
213429,
213485,
213488,
213692,
213698,
213740,
213744,
213777,
213779,
213820,
213852,
213904,
213913,
214174,
214250,
214291,
214519,
214527,
214718,
214719,
214721,
215020,
215420,
215570,
215655,
215719,
215721,
605143,
605214,
605337,
606226,
606229,
606907,
607067,
800714,
800911,
800918,
800984,
801058,
801064,
801133,
801193,
801207,
801224,
801225,
801270,
801390,
801510,
801917,
802034,
802072,
802084,
802230,
802271,
802378,
802388,
802658,
802682,
802695,
802748,
802799,
802811,
802825,
802828,
802833,
802928,
802952,
803040,
803062,
803070,
803397,
803456,
803596,
803740,
803799,
803801,
803878,
804044,
804167,
804186,
804250,
804367,
804368,
804390,
804391,
804400,
804444,
804480,
804488,
804501,
804520,
804532,
804540,
804543,
804560,
804566,
804567,
804582,
804591,
804593,
804617,
804631,
804669,
804670,
804671,
804673,
804685,
804700,
804708,
804713,
804717,
804718,
804725,
804726,
804729,
804730,
804740,
804750,
804754,
804765,
804768,
804776,
804777,
804789,
804797,
804804,
804811,
804814,
804816,
804817,
804828,
804831,
804853,
804856,
804857,
804873,
804889,
804892,
804896,
804904,
804908,
804923,
804926,
804930,
804942,
804969,
804970,
805018,
805040,
805048,
805051,
805052,
805053,
805055,
805068,
805069,
805090,
805093,
805114,
805122,
805126,
805142,
805146,
805152,
805153,
805157,
805161,
805164,
805165,
805168,
805184,
805197,
805205,
805233,
805236,
805237,
805243,
805261,
805280,
805292,
805300,
805313,
805330,
805340,
805359,
805361,
805364,
805369,
805374,
805388,
805395,
805396,
805423,
805424,
805425,
805433,
805439,
805452,
805456,
805461,
805467,
805489,
805490,
805499,
805500,
805523,
805529,
805533,
805554,
805555,
805584,
805592,
805596,
805625,
805632,
805634,
805638,
805641,
805644,
805645,
805649,
805652,
805655,
805674,
194057,
194340,
194483,
196403,
197059,
197075,
197785,
197852,
197952,
197963,
201782,
201917,
202408,
202780,
203441,
203624,
205253,
205505,
205578,
205630,
205972,
205987,
206308,
206684,
207507,
207829,
207834,
208815,
208833,
211384,
212091,
212695,
212989,
213637,
215682,
215714,
215716,
604398,
605045,
605567,
605930,
605944,
606193,
606227,
606251,
606364,
606460,
606638,
606889,
607072,
607073,
800040,
800055,
800089,
800090,
800277,
800293,
800326,
800502,
800507,
800585,
800589,
800590,
800598,
800619,
800621,
800634,
800643,
800686,
800689,
800708,
800709,
800722,
800763,
800802,
800814,
800849,
800860,
800881,
800891,
800904,
800916,
800925,
800932,
800957,
800968,
800978,
800994,
800995,
801032,
801101,
801111,
801137,
801167,
801175,
801178,
801181,
801189,
801191,
801197,
801219,
801220,
801249,
801262,
801271,
801272,
801274,
801294,
801329,
801360,
801392,
801397,
801402,
801412,
801414,
801424,
801447,
801455,
801476,
801530,
801575,
801576,
801592,
801640,
801682,
801702,
801726,
801774,
801783,
801819,
801867,
801874,
801888,
801902,
801918,
801919,
801921,
801946,
801956,
801992,
801996,
801999,
802018,
802075,
802195,
802280,
802311,
802331,
802354,
802414,
802478,
802510,
802539,
802603,
802608,
802611,
802617,
802701,
802704,
802705,
802723,
802733,
802796,
802840,
802851,
802859,
802881,
802901,
802906,
802980,
803016,
803036,
803068,
803084,
803085,
803104,
803137,
803184,
803198,
803203,
803204,
803244,
803256,
803258,
803273,
803289,
803297,
803384,
803446,
803451,
803463,
803491,
803519,
803674,
803691,
803710,
803721,
803722,
803728,
803752,
803768,
803778,
803806,
803810,
803813,
803861,
803910,
803921,
803954,
803955,
803977,
804139,
804147,
804148,
804219,
804245,
804314,
804321,
804360,
804382,
804383,
804402,
804405,
804466,
804468,
804495,
804619,
804651,
804674,
804697,
804749,
804784,
804871,
804883,
804893,
804901,
804920,
805140,
805156,
805173,
805189,
805224,
805295,
805305,
805328,
805339,
805383,
805457,
805637,
805651,
800752,
800899,
194629,
196916,
197069,
200398,
202277,
203157,
204767,
208024,
211250,
500665,
502039,
502615,
502882,
502885,
606312,
606695,
606842,
606867,
606916,
606979,
607197,
800209,
800297,
800455,
800464,
801239,
801651,
801678,
802058,
802306,
803199,
803464,
803739,
803987,
804009,
804300,
804336,
804551,
804770,
804943,
805003,
805034,
805263,
805314,
805451,
805468,
805601,
194143,
194485,
196472,
196498,
197284,
197844,
198864,
199206,
199433,
199947,
200179,
200378,
200397,
201496,
201799,
202283,
202897,
202898,
203141,
203437,
203445,
203670,
204053,
204323,
205562,
205567,
205995,
206286,
206663,
206671,
206697,
206877,
206918,
206946,
206989,
207048,
207299,
207303,
207449,
207484,
208563,
208838,
209459,
211370,
211372,
211412,
212048,
212278,
212303,
213901,
213919,
214097,
802308,
802553,
803140,
803828,
804349,
804439,
804550,
804611,
804614,
804734,
804851,
804995,
805009,
805099,
805141,
805251,
805257,
805506,
805675,
193617,
197280,
198945,
200286,
200444,
200786,
201827,
203444,
203466,
204059,
204125,
204362,
204650,
204660,
204662,
207482,
207873,
208066,
208536,
208828,
208837,
208844,
209136,
209503,
211366,
211795,
212086,
214531,
801729,
801973,
802040,
802751,
802826,
802836,
802861,
803051,
803209,
803212,
803697,
803985,
804301,
804655,
804667,
804905,
805170,
805347,
805358,
805365,
805524,
805605,
805667,
500704,
604533,
605462,
800187,
804296,
804298,
805357,
804163,
194056,
194062,
194067,
194068,
194082,
194136,
194137,
194140,
194144,
194145,
194147,
194222,
194231,
194232,
194322,
194323,
194324,
194327,
194344,
194350,
194359,
194372,
194376,
194424,
194489,
194490,
194608,
194623,
194628,
194698,
194699,
194711,
194738,
194739,
195384,
195385,
195392,
195407,
195408,
195409,
195411,
195412,
195419,
195424,
195465,
195485,
195487,
195542,
195581,
196219,
196238,
196296,
196302,
196304,
196313,
196321,
196411,
196413,
196448,
196449,
196450,
196451,
196497,
196664,
197959,
199010,
199019,
200494,
200498,
200507,
200784,
200952,
200968,
201271,
201339,
201909,
202347,
202766,
202939,
203197,
203201,
203236,
203243,
203244,
203245,
203246,
203439,
203443,
203458,
203530,
203552,
203554,
203630,
203631,
203714,
203715,
203723,
203725,
203726,
203728,
203788,
203792,
203800,
203801,
203866,
204039,
204109,
204110,
204127,
204128,
204129,
204133,
204138,
204309,
204310,
204315,
204325,
204432,
204491,
204540,
204637,
204654,
205118,
205251,
205271,
205502,
205564,
205565,
205573,
205579,
205586,
205624,
205653,
205977,
206013,
206274,
206296,
206300,
206303,
206353,
206676,
206689,
206981,
207000,
207062,
207281,
207301,
207321,
207577,
207785,
207842,
207843,
207877,
208032,
208075,
208721,
208722,
208834,
208835,
209204,
209440,
211072,
211076,
211253,
211374,
211376,
211377,
211378,
211379,
211385,
211405,
211410,
211413,
211414,
211416,
211417,
211418,
211419,
211420,
211421,
211422,
211423,
211424,
211425,
211427,
211432,
211434,
211435,
211436,
211487,
211490,
211493,
211494,
211786,
211787,
211790,
211793,
211804,
211805,
211806,
211965,
212084,
212096,
212098,
212099,
212100,
212101,
212102,
212105,
212106,
212112,
212301,
212305,
212308,
212324,
212327,
212411,
212412,
212613,
212645,
212670,
212697,
212698,
212700,
212702,
212705,
212707,
212754,
212755,
212756,
212757,
212789,
212791,
212794,
212799,
212800,
212802,
212803,
212805,
212806,
212808,
212809,
212810,
212812,
212814,
212819,
212820,
212849,
212850,
212851,
212852,
212853,
212854,
212855,
212856,
212857,
212858,
212875,
212878,
212879,
212880,
212881,
212882,
212883,
212884,
212885,
212886,
212888,
212889,
212891,
212893,
212895,
212899,
212900,
212901,
212903,
212904,
212905,
212906,
212907,
212909,
212911,
212913,
212914,
212915,
212916,
212917,
212918,
212919,
212921,
212924,
212925,
212927,
212928,
212930,
212934,
212935,
212939,
212942,
212976,
212981,
212982,
212983,
212986,
212987,
212990,
212991,
212995,
212997,
212998,
212999,
213000,
213002,
213003,
213004,
213005,
213007,
213008,
213010,
213011,
213013,
213014,
213019,
213023,
213024,
213025,
213030,
213031,
213032,
213033,
213036,
213039,
213040,
213044,
213045,
213047,
213048,
213049,
213180,
213217,
213223,
213226,
213312,
213372,
213373,
213374,
213376,
213387,
213390,
213397,
213399,
213401,
213403,
213405,
213409,
213413,
213414,
213417,
213418,
213421,
213422,
213423,
213424,
213425,
213426,
213481,
213482,
213508,
213509,
213570,
213571,
213572,
213573,
213574,
213577,
213583,
213694,
213695,
213697,
213701,
213707,
213730,
213731,
213732,
213734,
213735,
213738,
213742,
213785,
213853,
213855,
213897,
213902,
213903,
213905,
213909,
213915,
213917,
213922,
213924,
213926,
213927,
213931,
213932,
213991,
214035,
214040,
214086,
214170,
214173,
214177,
214223,
214254,
214286,
214289,
214310,
214372,
214427,
214429,
214477,
214528,
214534,
214589,
214591,
214592,
214767,
214872,
214970,
215683,
215684,
215686,
215711,
803270,
804035,
804047,
804059,
804060,
804062,
804072,
804084,
804108,
804112,
804119,
804757,
805315,
805337,
805477,
805620,
805630,
805636,
194148,
195381,
196452,
213921,
214288,
803033,
803166,
803322,
803375,
803994,
803997,
803998,
804002,
804008,
804018,
804033,
804048,
804065,
804078,
804133,
804134,
804135,
804145,
804149,
804150,
804157,
804160,
